paperVersion,newQuestionNumber,masterQuestionId,masterQuestionNumber,subject,correctAnswer
A,1,C6-001,1,SCIENCE,D
A,2,C6-002,2,SCIENCE,B
A,3,C6-003,3,SCIENCE,C
A,4,C6-004,4,SCIENCE,C
A,5,C6-005,5,SCIENCE,D
A,6,C6-006,6,SCIENCE,C
A,7,C6-007,7,SCIENCE,D
A,8,C6-008,8,SCIENCE,A
A,9,C6-009,9,SCIENCE,B
A,10,C6-010,10,SCIENCE,B
A,11,C6-011,11,SCIENCE,A
A,12,C6-012,12,SCIENCE,C
A,13,C6-013,13,SCIENCE,D
A,14,C6-014,14,SCIENCE,D
A,15,C6-015,15,SCIENCE,B
A,16,C6-016,16,SCIENCE,B
A,17,C6-017,17,SCIENCE,A
A,18,C6-018,18,SCIENCE,C
A,19,C6-019,19,SCIENCE,B
A,20,C6-020,20,SCIENCE,C
A,21,C6-021,21,MATHEMATICS,C
A,22,C6-022,22,MATHEMATICS,B
A,23,C6-023,23,MATHEMATICS,B
A,24,C6-024,24,MATHEMATICS,D
A,25,C6-025,25,MATHEMATICS,C
A,26,C6-026,26,MATHEMATICS,D
A,27,C6-027,27,MATHEMATICS,D
A,28,C6-028,28,MATHEMATICS,B
A,29,C6-029,29,MATHEMATICS,C
A,30,C6-030,30,MATHEMATICS,A
A,31,C6-031,31,MATHEMATICS,B
A,32,C6-032,32,MATHEMATICS,C
A,33,C6-033,33,MATHEMATICS,A
A,34,C6-034,34,MATHEMATICS,C
A,35,C6-035,35,MATHEMATICS,D
A,36,C6-036,36,MATHEMATICS,B
A,37,C6-037,37,MATHEMATICS,A
A,38,C6-038,38,MATHEMATICS,D
A,39,C6-039,39,MATHEMATICS,D
A,40,C6-040,40,MATHEMATICS,A
A,41,C6-041,41,ENGLISH,A
A,42,C6-042,42,ENGLISH,D
A,43,C6-043,43,ENGLISH,B
A,44,C6-044,44,ENGLISH,D
A,45,C6-045,45,ENGLISH,C
A,46,C6-046,46,ENGLISH,B
A,47,C6-047,47,ENGLISH,B
A,48,C6-048,48,ENGLISH,A
A,49,C6-049,49,ENGLISH,D
A,50,C6-050,50,ENGLISH,A
A,51,C6-051,51,ENGLISH,A
A,52,C6-052,52,ENGLISH,D
A,53,C6-053,53,ENGLISH,A
A,54,C6-054,54,ENGLISH,C
A,55,C6-055,55,ENGLISH,B
A,56,C6-056,56,ENGLISH,C
A,57,C6-057,57,ENGLISH,C
A,58,C6-058,58,ENGLISH,B
A,59,C6-059,59,ENGLISH,B
A,60,C6-060,60,ENGLISH,A
A,61,C6-061,61,ISLAMIAT,A
A,62,C6-062,62,ISLAMIAT,D
A,63,C6-063,63,ISLAMIAT,C
A,64,C6-064,64,ISLAMIAT,B
A,65,C6-065,65,ISLAMIAT,C
A,66,C6-066,66,ISLAMIAT,D
A,67,C6-067,67,ISLAMIAT,A
A,68,C6-068,68,ISLAMIAT,A
A,69,C6-069,69,ISLAMIAT,C
A,70,C6-070,70,ISLAMIAT,B
A,71,C6-071,71,ISLAMIAT,A
A,72,C6-072,72,ISLAMIAT,C
A,73,C6-073,73,ISLAMIAT,C
A,74,C6-074,74,ISLAMIAT,D
A,75,C6-075,75,ISLAMIAT,C
A,76,C6-076,76,ISLAMIAT,A
A,77,C6-077,77,ISLAMIAT,C
A,78,C6-078,78,ISLAMIAT,A
A,79,C6-079,79,ISLAMIAT,B
A,80,C6-080,80,ISLAMIAT,D
A,81,C6-081,81,SOCIAL STUDIES,B
A,82,C6-082,82,SOCIAL STUDIES,C
A,83,C6-083,83,SOCIAL STUDIES,D
A,84,C6-084,84,SOCIAL STUDIES,B
A,85,C6-085,85,SOCIAL STUDIES,B
A,86,C6-086,86,SOCIAL STUDIES,C
A,87,C6-087,87,SOCIAL STUDIES,D
A,88,C6-088,88,SOCIAL STUDIES,A
A,89,C6-089,89,SOCIAL STUDIES,A
A,90,C6-090,90,SOCIAL STUDIES,B
A,91,C6-091,91,COMPUTER SCIENCE,A
A,92,C6-092,92,COMPUTER SCIENCE,A
A,93,C6-093,93,COMPUTER SCIENCE,D
A,94,C6-094,94,COMPUTER SCIENCE,B
A,95,C6-095,95,COMPUTER SCIENCE,A
A,96,C6-096,96,COMPUTER SCIENCE,D
A,97,C6-097,97,COMPUTER SCIENCE,A
A,98,C6-098,98,COMPUTER SCIENCE,D
A,99,C6-099,99,COMPUTER SCIENCE,D
A,100,C6-100,100,COMPUTER SCIENCE,C
B,1,C6-009,9,SCIENCE,B
B,2,C6-016,16,SCIENCE,B
B,3,C6-006,6,SCIENCE,C
B,4,C6-008,8,SCIENCE,A
B,5,C6-018,18,SCIENCE,C
B,6,C6-019,19,SCIENCE,B
B,7,C6-007,7,SCIENCE,D
B,8,C6-015,15,SCIENCE,B
B,9,C6-020,20,SCIENCE,C
B,10,C6-011,11,SCIENCE,A
B,11,C6-012,12,SCIENCE,C
B,12,C6-003,3,SCIENCE,C
B,13,C6-001,1,SCIENCE,D
B,14,C6-017,17,SCIENCE,A
B,15,C6-004,4,SCIENCE,C
B,16,C6-002,2,SCIENCE,B
B,17,C6-010,10,SCIENCE,B
B,18,C6-013,13,SCIENCE,D
B,19,C6-014,14,SCIENCE,D
B,20,C6-005,5,SCIENCE,D
B,21,C6-022,22,MATHEMATICS,B
B,22,C6-026,26,MATHEMATICS,D
B,23,C6-039,39,MATHEMATICS,D
B,24,C6-032,32,MATHEMATICS,C
B,25,C6-028,28,MATHEMATICS,B
B,26,C6-034,34,MATHEMATICS,C
B,27,C6-036,36,MATHEMATICS,B
B,28,C6-029,29,MATHEMATICS,C
B,29,C6-033,33,MATHEMATICS,A
B,30,C6-035,35,MATHEMATICS,D
B,31,C6-030,30,MATHEMATICS,A
B,32,C6-031,31,MATHEMATICS,B
B,33,C6-027,27,MATHEMATICS,D
B,34,C6-040,40,MATHEMATICS,A
B,35,C6-023,23,MATHEMATICS,B
B,36,C6-038,38,MATHEMATICS,D
B,37,C6-024,24,MATHEMATICS,D
B,38,C6-021,21,MATHEMATICS,C
B,39,C6-037,37,MATHEMATICS,A
B,40,C6-025,25,MATHEMATICS,C
B,41,C6-041,41,ENGLISH,A
B,42,C6-042,42,ENGLISH,D
B,43,C6-049,49,ENGLISH,D
B,44,C6-051,51,ENGLISH,A
B,45,C6-044,44,ENGLISH,D
B,46,C6-047,47,ENGLISH,B
B,47,C6-050,50,ENGLISH,A
B,48,C6-046,46,ENGLISH,B
B,49,C6-043,43,ENGLISH,B
B,50,C6-055,55,ENGLISH,B
B,51,C6-053,53,ENGLISH,A
B,52,C6-054,54,ENGLISH,C
B,53,C6-058,58,ENGLISH,B
B,54,C6-056,56,ENGLISH,C
B,55,C6-052,52,ENGLISH,D
B,56,C6-045,45,ENGLISH,C
B,57,C6-057,57,ENGLISH,C
B,58,C6-060,60,ENGLISH,A
B,59,C6-059,59,ENGLISH,B
B,60,C6-048,48,ENGLISH,A
B,61,C6-071,71,ISLAMIAT,A
B,62,C6-079,79,ISLAMIAT,B
B,63,C6-061,61,ISLAMIAT,A
B,64,C6-072,72,ISLAMIAT,C
B,65,C6-064,64,ISLAMIAT,B
B,66,C6-076,76,ISLAMIAT,A
B,67,C6-080,80,ISLAMIAT,D
B,68,C6-069,69,ISLAMIAT,C
B,69,C6-067,67,ISLAMIAT,A
B,70,C6-077,77,ISLAMIAT,C
B,71,C6-066,66,ISLAMIAT,D
B,72,C6-065,65,ISLAMIAT,C
B,73,C6-075,75,ISLAMIAT,C
B,74,C6-062,62,ISLAMIAT,D
B,75,C6-074,74,ISLAMIAT,D
B,76,C6-070,70,ISLAMIAT,B
B,77,C6-073,73,ISLAMIAT,C
B,78,C6-068,68,ISLAMIAT,A
B,79,C6-078,78,ISLAMIAT,A
B,80,C6-063,63,ISLAMIAT,C
B,81,C6-083,83,SOCIAL STUDIES,D
B,82,C6-084,84,SOCIAL STUDIES,B
B,83,C6-087,87,SOCIAL STUDIES,D
B,84,C6-085,85,SOCIAL STUDIES,B
B,85,C6-089,89,SOCIAL STUDIES,A
B,86,C6-081,81,SOCIAL STUDIES,B
B,87,C6-086,86,SOCIAL STUDIES,C
B,88,C6-088,88,SOCIAL STUDIES,A
B,89,C6-082,82,SOCIAL STUDIES,C
B,90,C6-090,90,SOCIAL STUDIES,B
B,91,C6-096,96,COMPUTER SCIENCE,D
B,92,C6-093,93,COMPUTER SCIENCE,D
B,93,C6-099,99,COMPUTER SCIENCE,D
B,94,C6-095,95,COMPUTER SCIENCE,A
B,95,C6-100,100,COMPUTER SCIENCE,C
B,96,C6-098,98,COMPUTER SCIENCE,D
B,97,C6-091,91,COMPUTER SCIENCE,A
B,98,C6-097,97,COMPUTER SCIENCE,A
B,99,C6-092,92,COMPUTER SCIENCE,A
B,100,C6-094,94,COMPUTER SCIENCE,B
C,1,C6-011,11,SCIENCE,A
C,2,C6-004,4,SCIENCE,C
C,3,C6-015,15,SCIENCE,B
C,4,C6-016,16,SCIENCE,B
C,5,C6-013,13,SCIENCE,D
C,6,C6-014,14,SCIENCE,D
C,7,C6-012,12,SCIENCE,C
C,8,C6-007,7,SCIENCE,D
C,9,C6-003,3,SCIENCE,C
C,10,C6-001,1,SCIENCE,D
C,11,C6-020,20,SCIENCE,C
C,12,C6-018,18,SCIENCE,C
C,13,C6-009,9,SCIENCE,B
C,14,C6-002,2,SCIENCE,B
C,15,C6-005,5,SCIENCE,D
C,16,C6-006,6,SCIENCE,C
C,17,C6-017,17,SCIENCE,A
C,18,C6-010,10,SCIENCE,B
C,19,C6-008,8,SCIENCE,A
C,20,C6-019,19,SCIENCE,B
C,21,C6-022,22,MATHEMATICS,B
C,22,C6-031,31,MATHEMATICS,B
C,23,C6-032,32,MATHEMATICS,C
C,24,C6-040,40,MATHEMATICS,A
C,25,C6-037,37,MATHEMATICS,A
C,26,C6-023,23,MATHEMATICS,B
C,27,C6-034,34,MATHEMATICS,C
C,28,C6-025,25,MATHEMATICS,C
C,29,C6-033,33,MATHEMATICS,A
C,30,C6-027,27,MATHEMATICS,D
C,31,C6-030,30,MATHEMATICS,A
C,32,C6-038,38,MATHEMATICS,D
C,33,C6-021,21,MATHEMATICS,C
C,34,C6-024,24,MATHEMATICS,D
C,35,C6-026,26,MATHEMATICS,D
C,36,C6-036,36,MATHEMATICS,B
C,37,C6-029,29,MATHEMATICS,C
C,38,C6-035,35,MATHEMATICS,D
C,39,C6-028,28,MATHEMATICS,B
C,40,C6-039,39,MATHEMATICS,D
C,41,C6-056,56,ENGLISH,C
C,42,C6-049,49,ENGLISH,D
C,43,C6-050,50,ENGLISH,A
C,44,C6-054,54,ENGLISH,C
C,45,C6-046,46,ENGLISH,B
C,46,C6-045,45,ENGLISH,C
C,47,C6-055,55,ENGLISH,B
C,48,C6-051,51,ENGLISH,A
C,49,C6-052,52,ENGLISH,D
C,50,C6-041,41,ENGLISH,A
C,51,C6-044,44,ENGLISH,D
C,52,C6-047,47,ENGLISH,B
C,53,C6-057,57,ENGLISH,C
C,54,C6-060,60,ENGLISH,A
C,55,C6-053,53,ENGLISH,A
C,56,C6-059,59,ENGLISH,B
C,57,C6-058,58,ENGLISH,B
C,58,C6-042,42,ENGLISH,D
C,59,C6-048,48,ENGLISH,A
C,60,C6-043,43,ENGLISH,B
C,61,C6-071,71,ISLAMIAT,A
C,62,C6-061,61,ISLAMIAT,A
C,63,C6-067,67,ISLAMIAT,A
C,64,C6-078,78,ISLAMIAT,A
C,65,C6-070,70,ISLAMIAT,B
C,66,C6-079,79,ISLAMIAT,B
C,67,C6-068,68,ISLAMIAT,A
C,68,C6-072,72,ISLAMIAT,C
C,69,C6-076,76,ISLAMIAT,A
C,70,C6-073,73,ISLAMIAT,C
C,71,C6-075,75,ISLAMIAT,C
C,72,C6-069,69,ISLAMIAT,C
C,73,C6-077,77,ISLAMIAT,C
C,74,C6-063,63,ISLAMIAT,C
C,75,C6-066,66,ISLAMIAT,D
C,76,C6-065,65,ISLAMIAT,C
C,77,C6-080,80,ISLAMIAT,D
C,78,C6-074,74,ISLAMIAT,D
C,79,C6-062,62,ISLAMIAT,D
C,80,C6-064,64,ISLAMIAT,B
C,81,C6-087,87,SOCIAL STUDIES,D
C,82,C6-088,88,SOCIAL STUDIES,A
C,83,C6-084,84,SOCIAL STUDIES,B
C,84,C6-083,83,SOCIAL STUDIES,D
C,85,C6-082,82,SOCIAL STUDIES,C
C,86,C6-089,89,SOCIAL STUDIES,A
C,87,C6-086,86,SOCIAL STUDIES,C
C,88,C6-090,90,SOCIAL STUDIES,B
C,89,C6-081,81,SOCIAL STUDIES,B
C,90,C6-085,85,SOCIAL STUDIES,B
C,91,C6-095,95,COMPUTER SCIENCE,A
C,92,C6-097,97,COMPUTER SCIENCE,A
C,93,C6-096,96,COMPUTER SCIENCE,D
C,94,C6-094,94,COMPUTER SCIENCE,B
C,95,C6-092,92,COMPUTER SCIENCE,A
C,96,C6-100,100,COMPUTER SCIENCE,C
C,97,C6-099,99,COMPUTER SCIENCE,D
C,98,C6-091,91,COMPUTER SCIENCE,A
C,99,C6-098,98,COMPUTER SCIENCE,D
C,100,C6-093,93,COMPUTER SCIENCE,D
D,1,C6-003,3,SCIENCE,C
D,2,C6-016,16,SCIENCE,B
D,3,C6-009,9,SCIENCE,B
D,4,C6-015,15,SCIENCE,B
D,5,C6-020,20,SCIENCE,C
D,6,C6-017,17,SCIENCE,A
D,7,C6-008,8,SCIENCE,A
D,8,C6-002,2,SCIENCE,B
D,9,C6-012,12,SCIENCE,C
D,10,C6-011,11,SCIENCE,A
D,11,C6-001,1,SCIENCE,D
D,12,C6-013,13,SCIENCE,D
D,13,C6-019,19,SCIENCE,B
D,14,C6-018,18,SCIENCE,C
D,15,C6-005,5,SCIENCE,D
D,16,C6-014,14,SCIENCE,D
D,17,C6-007,7,SCIENCE,D
D,18,C6-010,10,SCIENCE,B
D,19,C6-004,4,SCIENCE,C
D,20,C6-006,6,SCIENCE,C
D,21,C6-038,38,MATHEMATICS,D
D,22,C6-028,28,MATHEMATICS,B
D,23,C6-023,23,MATHEMATICS,B
D,24,C6-032,32,MATHEMATICS,C
D,25,C6-029,29,MATHEMATICS,C
D,26,C6-027,27,MATHEMATICS,D
D,27,C6-030,30,MATHEMATICS,A
D,28,C6-022,22,MATHEMATICS,B
D,29,C6-037,37,MATHEMATICS,A
D,30,C6-031,31,MATHEMATICS,B
D,31,C6-034,34,MATHEMATICS,C
D,32,C6-039,39,MATHEMATICS,D
D,33,C6-033,33,MATHEMATICS,A
D,34,C6-024,24,MATHEMATICS,D
D,35,C6-021,21,MATHEMATICS,C
D,36,C6-040,40,MATHEMATICS,A
D,37,C6-025,25,MATHEMATICS,C
D,38,C6-036,36,MATHEMATICS,B
D,39,C6-035,35,MATHEMATICS,D
D,40,C6-026,26,MATHEMATICS,D
D,41,C6-045,45,ENGLISH,C
D,42,C6-055,55,ENGLISH,B
D,43,C6-058,58,ENGLISH,B
D,44,C6-057,57,ENGLISH,C
D,45,C6-044,44,ENGLISH,D
D,46,C6-056,56,ENGLISH,C
D,47,C6-053,53,ENGLISH,A
D,48,C6-060,60,ENGLISH,A
D,49,C6-046,46,ENGLISH,B
D,50,C6-041,41,ENGLISH,A
D,51,C6-059,59,ENGLISH,B
D,52,C6-043,43,ENGLISH,B
D,53,C6-054,54,ENGLISH,C
D,54,C6-048,48,ENGLISH,A
D,55,C6-051,51,ENGLISH,A
D,56,C6-042,42,ENGLISH,D
D,57,C6-049,49,ENGLISH,D
D,58,C6-047,47,ENGLISH,B
D,59,C6-050,50,ENGLISH,A
D,60,C6-052,52,ENGLISH,D
D,61,C6-066,66,ISLAMIAT,D
D,62,C6-062,62,ISLAMIAT,D
D,63,C6-064,64,ISLAMIAT,B
D,64,C6-071,71,ISLAMIAT,A
D,65,C6-079,79,ISLAMIAT,B
D,66,C6-075,75,ISLAMIAT,C
D,67,C6-080,80,ISLAMIAT,D
D,68,C6-061,61,ISLAMIAT,A
D,69,C6-063,63,ISLAMIAT,C
D,70,C6-073,73,ISLAMIAT,C
D,71,C6-072,72,ISLAMIAT,C
D,72,C6-077,77,ISLAMIAT,C
D,73,C6-078,78,ISLAMIAT,A
D,74,C6-069,69,ISLAMIAT,C
D,75,C6-068,68,ISLAMIAT,A
D,76,C6-070,70,ISLAMIAT,B
D,77,C6-067,67,ISLAMIAT,A
D,78,C6-065,65,ISLAMIAT,C
D,79,C6-076,76,ISLAMIAT,A
D,80,C6-074,74,ISLAMIAT,D
D,81,C6-082,82,SOCIAL STUDIES,C
D,82,C6-081,81,SOCIAL STUDIES,B
D,83,C6-086,86,SOCIAL STUDIES,C
D,84,C6-084,84,SOCIAL STUDIES,B
D,85,C6-087,87,SOCIAL STUDIES,D
D,86,C6-090,90,SOCIAL STUDIES,B
D,87,C6-085,85,SOCIAL STUDIES,B
D,88,C6-083,83,SOCIAL STUDIES,D
D,89,C6-089,89,SOCIAL STUDIES,A
D,90,C6-088,88,SOCIAL STUDIES,A
D,91,C6-092,92,COMPUTER SCIENCE,A
D,92,C6-097,97,COMPUTER SCIENCE,A
D,93,C6-094,94,COMPUTER SCIENCE,B
D,94,C6-098,98,COMPUTER SCIENCE,D
D,95,C6-100,100,COMPUTER SCIENCE,C
D,96,C6-099,99,COMPUTER SCIENCE,D
D,97,C6-095,95,COMPUTER SCIENCE,A
D,98,C6-091,91,COMPUTER SCIENCE,A
D,99,C6-093,93,COMPUTER SCIENCE,D
D,100,C6-096,96,COMPUTER SCIENCE,D